lower.age.limit,population
0,3302.687184983003
3,2201.7914566553354
5,5281.791297576985
10,5084.185937473836
15,2576.462065674241
18,15996.408109646845
40,9512.511889013545
65,1974.3588723856728
