age,population
0,4188992.4000000004
3,2792661.6
5,7766941.0
10,8565356.0
15,4449855.0
18,32930800.0
40,31212688.0
65,9392435.952380953
